{
    "paths": [
        {
            "name": "/api",
            "lambdaFunction": "algotraderappapi",
            "privacy": {
                "private": true,
                "auth": [
                    "/POST",
                    "/GET",
                    "/PUT",
                    "/PATCH",
                    "/DELETE"
                ]
            },
            "policyResourceName": "/api"
        }
    ],
    "resourceName": "algoappapi",
    "apiName": "algoappapi",
    "functionArns": [
        {
            "lambdaFunction": "algotraderappapi"
        }
    ],
    "privacy": {
        "auth": 1,
        "unauth": 0,
        "authRoleName": "amplify-algotraderapp-dev-212017-authRole",
        "unAuthRoleName": "amplify-algotraderapp-dev-212017-unauthRole"
    },
    "dependsOn": [
        {
            "category": "function",
            "resourceName": "algotraderappapi",
            "attributes": [
                "Name",
                "Arn"
            ]
        }
    ],
    "uuid": "2d12563c"
}