{
  "permissions": {
    "auth": {
      "algotraderapp7860b9f7": [
        "read"
      ]
    },
    "storage": {
      "algotradertable": [
        "read",
        "update"
      ]
    }
  },
  "lambdaLayers": [
    {
      "type": "ProjectLayer",
      "resourceName": "algotraderappdependencieslayer",
      "env": "dev",
      "version": "Always choose latest version",
      "isLatestVersionSelected": true
    },
    {
      "type": "ProjectLayer",
      "resourceName": "algotraderappfunctionlayer",
      "env": "dev",
      "version": "Always choose latest version",
      "isLatestVersionSelected": true
    }
  ],
  "secretNames": [
    "TD_CONSUMER_KEY"
  ]
}