{
  "AWSTemplateFormatVersion": "2010-09-09",
  "Description": "Lambda Function resource stack creation using Amplify CLI",
  "Parameters": {
    "CloudWatchRule": {
      "Type": "String",
      "Default": "NONE",
      "Description": " Schedule Expression"
    },
    "deploymentBucketName": {
      "Type": "String"
    },
    "env": {
      "Type": "String"
    },
    "s3Key": {
      "Type": "String"
    },
    "storagealgotradertableName": {
      "Type": "String",
      "Default": "storagealgotradertableName"
    },
    "storagealgotradertableArn": {
      "Type": "String",
      "Default": "storagealgotradertableArn"
    },
    "storagealgotradertableStreamArn": {
      "Type": "String",
      "Default": "storagealgotradertableStreamArn"
    },
    "functionalgotraderappdependencieslayerArn": {
      "Type": "String",
      "Default": "functionalgotraderappdependencieslayerArn"
    },
    "functionalgotraderappfunctionlayerArn": {
      "Type": "String",
      "Default": "functionalgotraderappfunctionlayerArn"
    },
    "secretsPathAmplifyAppId": {
      "Type": "String"
    },
    "authalgotraderapp7860b9f7UserPoolId": {
      "Type": "String",
      "Default": "authalgotraderapp7860b9f7UserPoolId"
    }
  },
  "Conditions": {
    "ShouldNotCreateEnvResources": {
      "Fn::Equals": [
        {
          "Ref": "env"
        },
        "NONE"
      ]
    }
  },
  "Resources": {
    "LambdaFunction": {
      "Type": "AWS::Lambda::Function",
      "Metadata": {
        "aws:asset:path": "./src",
        "aws:asset:property": "Code"
      },
      "Properties": {
        "Code": {
          "S3Bucket": {
            "Ref": "deploymentBucketName"
          },
          "S3Key": {
            "Ref": "s3Key"
          }
        },
        "Handler": "index.handler",
        "FunctionName": {
          "Fn::If": [
            "ShouldNotCreateEnvResources",
            "tdrefreshtokenrefresher",
            {
              "Fn::Join": [
                "",
                [
                  "tdrefreshtokenrefresher",
                  "-",
                  {
                    "Ref": "env"
                  }
                ]
              ]
            }
          ]
        },
        "Environment": {
          "Variables": {
            "ENV": {
              "Ref": "env"
            },
            "REGION": {
              "Ref": "AWS::Region"
            },
            "STORAGE_ALGOTRADERTABLE_NAME": {
              "Ref": "storagealgotradertableName"
            },
            "STORAGE_ALGOTRADERTABLE_ARN": {
              "Ref": "storagealgotradertableArn"
            },
            "STORAGE_ALGOTRADERTABLE_STREAMARN": {
              "Ref": "storagealgotradertableStreamArn"
            },
            "TD_CONSUMER_KEY": {
              "Fn::Join": [
                "",
                [
                  {
                    "Fn::Sub": [
                      "/amplify/${appId}/${env}/AMPLIFY_${functionName}_",
                      {
                        "appId": {
                          "Ref": "secretsPathAmplifyAppId"
                        },
                        "env": {
                          "Ref": "env"
                        },
                        "functionName": "tdrefreshtokenrefresher"
                      }
                    ]
                  },
                  "TD_CONSUMER_KEY"
                ]
              ]
            },
            "AUTH_ALGOTRADERAPP7860B9F7_USERPOOLID": {
              "Ref": "authalgotraderapp7860b9f7UserPoolId"
            }
          }
        },
        "Role": {
          "Fn::GetAtt": [
            "LambdaExecutionRole",
            "Arn"
          ]
        },
        "Runtime": "nodejs14.x",
        "Layers": [
          {
            "Ref": "functionalgotraderappdependencieslayerArn"
          },
          {
            "Ref": "functionalgotraderappfunctionlayerArn"
          }
        ],
        "Timeout": 25
      }
    },
    "LambdaExecutionRole": {
      "Type": "AWS::IAM::Role",
      "Properties": {
        "RoleName": {
          "Fn::If": [
            "ShouldNotCreateEnvResources",
            "algotraderappLambdaRole3e960d2c",
            {
              "Fn::Join": [
                "",
                [
                  "algotraderappLambdaRole3e960d2c",
                  "-",
                  {
                    "Ref": "env"
                  }
                ]
              ]
            }
          ]
        },
        "AssumeRolePolicyDocument": {
          "Version": "2012-10-17",
          "Statement": [
            {
              "Effect": "Allow",
              "Principal": {
                "Service": [
                  "lambda.amazonaws.com"
                ]
              },
              "Action": [
                "sts:AssumeRole"
              ]
            }
          ]
        }
      }
    },
    "lambdaexecutionpolicy": {
      "DependsOn": [
        "LambdaExecutionRole"
      ],
      "Type": "AWS::IAM::Policy",
      "Properties": {
        "PolicyName": "lambda-execution-policy",
        "Roles": [
          {
            "Ref": "LambdaExecutionRole"
          }
        ],
        "PolicyDocument": {
          "Version": "2012-10-17",
          "Statement": [
            {
              "Effect": "Allow",
              "Action": [
                "logs:CreateLogGroup",
                "logs:CreateLogStream",
                "logs:PutLogEvents"
              ],
              "Resource": {
                "Fn::Sub": [
                  "arn:aws:logs:${region}:${account}:log-group:/aws/lambda/${lambda}:log-stream:*",
                  {
                    "region": {
                      "Ref": "AWS::Region"
                    },
                    "account": {
                      "Ref": "AWS::AccountId"
                    },
                    "lambda": {
                      "Ref": "LambdaFunction"
                    }
                  }
                ]
              }
            }
          ]
        }
      }
    },
    "AmplifyResourcesPolicy": {
      "DependsOn": [
        "LambdaExecutionRole"
      ],
      "Type": "AWS::IAM::Policy",
      "Properties": {
        "PolicyName": "amplify-lambda-execution-policy",
        "Roles": [
          {
            "Ref": "LambdaExecutionRole"
          }
        ],
        "PolicyDocument": {
          "Version": "2012-10-17",
          "Statement": [
            {
              "Effect": "Allow",
              "Action": [
                "cognito-identity:Describe*",
                "cognito-identity:Get*",
                "cognito-identity:List*",
                "cognito-idp:Describe*",
                "cognito-idp:AdminGetDevice",
                "cognito-idp:AdminGetUser",
                "cognito-idp:AdminList*",
                "cognito-idp:List*",
                "cognito-sync:Describe*",
                "cognito-sync:Get*",
                "cognito-sync:List*",
                "iam:ListOpenIdConnectProviders",
                "iam:ListRoles",
                "sns:ListPlatformApplications"
              ],
              "Resource": [
                {
                  "Fn::Join": [
                    "",
                    [
                      "arn:aws:cognito-idp:",
                      {
                        "Ref": "AWS::Region"
                      },
                      ":",
                      {
                        "Ref": "AWS::AccountId"
                      },
                      ":userpool/",
                      {
                        "Ref": "authalgotraderapp7860b9f7UserPoolId"
                      }
                    ]
                  ]
                }
              ]
            },
            {
              "Effect": "Allow",
              "Action": [
                "dynamodb:Get*",
                "dynamodb:BatchGetItem",
                "dynamodb:List*",
                "dynamodb:Describe*",
                "dynamodb:Scan",
                "dynamodb:Query",
                "dynamodb:Update*",
                "dynamodb:RestoreTable*"
              ],
              "Resource": [
                {
                  "Ref": "storagealgotradertableArn"
                },
                {
                  "Fn::Join": [
                    "/",
                    [
                      {
                        "Ref": "storagealgotradertableArn"
                      },
                      "index/*"
                    ]
                  ]
                }
              ]
            }
          ]
        }
      }
    },
    "CloudWatchEvent": {
      "Type": "AWS::Events::Rule",
      "Properties": {
        "Description": "Schedule rule for Lambda",
        "ScheduleExpression": {
          "Ref": "CloudWatchRule"
        },
        "State": "ENABLED",
        "Targets": [
          {
            "Arn": {
              "Fn::GetAtt": [
                "LambdaFunction",
                "Arn"
              ]
            },
            "Id": {
              "Ref": "LambdaFunction"
            }
          }
        ]
      }
    },
    "PermissionForEventsToInvokeLambda": {
      "Type": "AWS::Lambda::Permission",
      "Properties": {
        "FunctionName": {
          "Ref": "LambdaFunction"
        },
        "Action": "lambda:InvokeFunction",
        "Principal": "events.amazonaws.com",
        "SourceArn": {
          "Fn::GetAtt": [
            "CloudWatchEvent",
            "Arn"
          ]
        }
      }
    },
    "AmplifyFunctionSecretsPolicy": {
      "Type": "AWS::IAM::Policy",
      "Properties": {
        "PolicyName": "amplify-function-secrets-policy",
        "Roles": [
          {
            "Ref": "LambdaExecutionRole"
          }
        ],
        "PolicyDocument": {
          "Version": "2012-10-17",
          "Statement": [
            {
              "Effect": "Allow",
              "Action": [
                "ssm:GetParameter",
                "ssm:GetParameters"
              ],
              "Resource": {
                "Fn::Join": [
                  "",
                  [
                    "arn:aws:ssm:",
                    {
                      "Ref": "AWS::Region"
                    },
                    ":",
                    {
                      "Ref": "AWS::AccountId"
                    },
                    ":parameter",
                    {
                      "Fn::Sub": [
                        "/amplify/${appId}/${env}/AMPLIFY_${functionName}_",
                        {
                          "appId": {
                            "Ref": "secretsPathAmplifyAppId"
                          },
                          "env": {
                            "Ref": "env"
                          },
                          "functionName": "tdrefreshtokenrefresher"
                        }
                      ]
                    },
                    "*"
                  ]
                ]
              }
            }
          ]
        }
      },
      "DependsOn": [
        "LambdaExecutionRole"
      ]
    }
  },
  "Outputs": {
    "Name": {
      "Value": {
        "Ref": "LambdaFunction"
      }
    },
    "Arn": {
      "Value": {
        "Fn::GetAtt": [
          "LambdaFunction",
          "Arn"
        ]
      }
    },
    "Region": {
      "Value": {
        "Ref": "AWS::Region"
      }
    },
    "LambdaExecutionRole": {
      "Value": {
        "Ref": "LambdaExecutionRole"
      }
    },
    "CloudWatchEventRule": {
      "Value": {
        "Ref": "CloudWatchEvent"
      }
    }
  }
}