{
    "presets": [
        "@babel/preset-typescript",
        [
            "@babel/preset-env",
            {
                "exclude": ["transform-regenerator"],
                "targets": {
                    "node": "14.0"
                }
            }
        ]
    ],
    "plugins": [
        "@babel/plugin-transform-typescript",
        "@babel/plugin-transform-async-to-generator",
        "@babel/plugin-transform-exponentiation-operator",
        "@babel/plugin-proposal-object-rest-spread"
    ],
    "ignore": ["node_modules"]
}
