{
  "hosting": {
    "amplifyhosting": {
      "service": "amplifyhosting",
      "type": "cicd",
      "lastPushTimeStamp": "2021-08-05T00:21:21.923Z"
    }
  },
  "auth": {
    "algotraderapp7860b9f7": {
      "service": "Cognito",
      "providerPlugin": "awscloudformation",
      "dependsOn": [],
      "customAuth": false
    }
  },
  "function": {
    "algotraderappapi": {
      "build": true,
      "providerPlugin": "awscloudformation",
      "service": "Lambda",
      "dependsOn": [
        {
          "category": "auth",
          "resourceName": "algotraderapp7860b9f7",
          "attributes": [
            "UserPoolId"
          ]
        },
        {
          "category": "storage",
          "resourceName": "algotradertable",
          "attributes": [
            "Name",
            "Arn",
            "StreamArn"
          ]
        },
        {
          "category": "function",
          "resourceName": "algotraderappdependencieslayer",
          "attributes": [
            "Arn"
          ]
        },
        {
          "category": "function",
          "resourceName": "algotraderappfunctionlayer",
          "attributes": [
            "Arn"
          ]
        }
      ]
    },
    "algotraderappdependencieslayer": {
      "providerPlugin": "awscloudformation",
      "service": "LambdaLayer",
      "build": true
    },
    "algotraderappfunctionlayer": {
      "providerPlugin": "awscloudformation",
      "service": "LambdaLayer",
      "build": true
    },
    "tdrefreshtokenrefresher": {
      "build": true,
      "providerPlugin": "awscloudformation",
      "service": "Lambda",
      "dependsOn": [
        {
          "category": "auth",
          "resourceName": "algotraderapp7860b9f7",
          "attributes": [
            "UserPoolId"
          ]
        },
        {
          "category": "storage",
          "resourceName": "algotradertable",
          "attributes": [
            "Name",
            "Arn",
            "StreamArn"
          ]
        },
        {
          "category": "function",
          "resourceName": "algotraderappdependencieslayer",
          "attributes": [
            "Arn"
          ]
        },
        {
          "category": "function",
          "resourceName": "algotraderappfunctionlayer",
          "attributes": [
            "Arn"
          ]
        }
      ]
    }
  },
  "api": {
    "algoappapi": {
      "service": "API Gateway",
      "providerPlugin": "awscloudformation",
      "dependsOn": [
        {
          "category": "function",
          "resourceName": "algotraderappapi",
          "attributes": [
            "Name",
            "Arn"
          ]
        }
      ]
    }
  },
  "storage": {
    "algotradertable": {
      "service": "DynamoDB",
      "providerPlugin": "awscloudformation"
    }
  }
}