{
  "AWSTemplateFormatVersion": "2010-09-09",
  "Description": "Lambda layer resource stack creation using Amplify CLI",
  "Parameters": {
    "env": {
      "Type": "String"
    },
    "deploymentBucketName": {
      "Type": "String"
    },
    "s3Key": {
      "Type": "String"
    },
    "description": {
      "Type": "String",
      "Default": ""
    },
    "runtimes": {
      "Type": "List<String>"
    }
  },
  "Resources": {
    "LambdaLayerVersiond68e9f65": {
      "Type": "AWS::Lambda::LayerVersion",
      "Properties": {
        "CompatibleRuntimes": {
          "Ref": "runtimes"
        },
        "Content": {
          "S3Bucket": {
            "Ref": "deploymentBucketName"
          },
          "S3Key": {
            "Ref": "s3Key"
          }
        },
        "Description": {
          "Ref": "description"
        },
        "LayerName": {
          "Fn::Sub": [
            "algotraderappfunctionlayer-${env}",
            {
              "env": {
                "Ref": "env"
              }
            }
          ]
        }
      },
      "DeletionPolicy": "Delete",
      "UpdateReplacePolicy": "Retain"
    },
    "LambdaLayerPermissionPrivated68e9f65": {
      "Type": "AWS::Lambda::LayerVersionPermission",
      "Properties": {
        "Action": "lambda:GetLayerVersion",
        "LayerVersionArn": {
          "Ref": "LambdaLayerVersiond68e9f65"
        },
        "Principal": {
          "Ref": "AWS::AccountId"
        }
      }
    },
    "LambdaLayerVersionc8aa50c3": {
      "Type": "AWS::Lambda::LayerVersion",
      "Properties": {
        "CompatibleRuntimes": [
          "nodejs14.x"
        ],
        "Content": {
          "S3Bucket": {
            "Ref": "deploymentBucketName"
          },
          "S3Key": "amplify-builds/algotraderappfunctionlayer-LambdaLayerVersionc8aa50c3-build.zip"
        },
        "Description": "Updated layer version 2021-10-11T06:09:09.205Z",
        "LayerName": {
          "Fn::Sub": [
            "algotraderappfunctionlayer-${env}",
            {
              "env": {
                "Ref": "env"
              }
            }
          ]
        }
      },
      "DeletionPolicy": "Delete",
      "UpdateReplacePolicy": "Retain"
    },
    "LambdaLayerPermissionPrivatec8aa50c3": {
      "Type": "AWS::Lambda::LayerVersionPermission",
      "Properties": {
        "Action": "lambda:GetLayerVersion",
        "LayerVersionArn": "arn:aws:lambda:us-east-1:014477660743:layer:algotraderappfunctionlayer-dev:69",
        "Principal": {
          "Ref": "AWS::AccountId"
        }
      }
    },
    "LambdaLayerVersioncf98aa59": {
      "Type": "AWS::Lambda::LayerVersion",
      "Properties": {
        "CompatibleRuntimes": [
          "nodejs14.x"
        ],
        "Content": {
          "S3Bucket": {
            "Ref": "deploymentBucketName"
          },
          "S3Key": "amplify-builds/algotraderappfunctionlayer-LambdaLayerVersioncf98aa59-build.zip"
        },
        "Description": "Updated layer version 2021-10-10T02:47:23.470Z",
        "LayerName": {
          "Fn::Sub": [
            "algotraderappfunctionlayer-${env}",
            {
              "env": {
                "Ref": "env"
              }
            }
          ]
        }
      },
      "DeletionPolicy": "Delete",
      "UpdateReplacePolicy": "Retain"
    },
    "LambdaLayerPermissionPrivatecf98aa59": {
      "Type": "AWS::Lambda::LayerVersionPermission",
      "Properties": {
        "Action": "lambda:GetLayerVersion",
        "LayerVersionArn": "arn:aws:lambda:us-east-1:014477660743:layer:algotraderappfunctionlayer-dev:68",
        "Principal": {
          "Ref": "AWS::AccountId"
        }
      }
    },
    "LambdaLayerVersion0863ed14": {
      "Type": "AWS::Lambda::LayerVersion",
      "Properties": {
        "CompatibleRuntimes": [
          "nodejs14.x"
        ],
        "Content": {
          "S3Bucket": {
            "Ref": "deploymentBucketName"
          },
          "S3Key": "amplify-builds/algotraderappfunctionlayer-LambdaLayerVersion0863ed14-build.zip"
        },
        "Description": "Updated layer version 2021-10-09T16:18:40.252Z",
        "LayerName": {
          "Fn::Sub": [
            "algotraderappfunctionlayer-${env}",
            {
              "env": {
                "Ref": "env"
              }
            }
          ]
        }
      },
      "DeletionPolicy": "Delete",
      "UpdateReplacePolicy": "Retain"
    },
    "LambdaLayerPermissionPrivate0863ed14": {
      "Type": "AWS::Lambda::LayerVersionPermission",
      "Properties": {
        "Action": "lambda:GetLayerVersion",
        "LayerVersionArn": "arn:aws:lambda:us-east-1:014477660743:layer:algotraderappfunctionlayer-dev:67",
        "Principal": {
          "Ref": "AWS::AccountId"
        }
      }
    }
  },
  "Outputs": {
    "Arn": {
      "Value": {
        "Ref": "LambdaLayerVersiond68e9f65"
      }
    }
  }
}